{"encoder_learning_rate": 5.23369773616275e-06, "decoder_learning_rate": 5.23369773616275e-06, "best_prediction": 55.778313258506415}