{"encoder_learning_rate": 4.497516379432531e-05, "decoder_learning_rate": 4.497516379432531e-05, "best_prediction": 66.29538256996143, "best_k": 11, "epoch_num": 14}