{"encoder_learning_rate": 2.478736143670442e-07, "decoder_learning_rate": 2.478736143670442e-07, "best_prediction": 56.6956491073879}