{"encoder_learning_rate": 0.0011018311023500522, "decoder_learning_rate": 0.0011018311023500522, "best_prediction": 0.0}