{"encoder_learning_rate": 2.942668166320218e-06, "decoder_learning_rate": 2.942668166320218e-06, "best_prediction": 77.9956599971263, "best_k": 6, "epoch_num": 15}