{"encoder_learning_rate": 4.1648600246449995e-05, "decoder_learning_rate": 4.1648600246449995e-05, "best_prediction": 78.65435968587954, "best_k": 0, "epoch_num": 3}