{"encoder_learning_rate": 4.42646405e-05, "decoder_learning_rate": 4.42646405e-05, "best_prediction": 57.213536597059395, "best_k": 20, "epoch_num": 5}