{"encoder_learning_rate": 1.169293253626807e-06, "decoder_learning_rate": 1.169293253626807e-06, "best_prediction": 85.36700538306486, "best_k": 20, "epoch_num": 20}