{"encoder_learning_rate": 1.516442372491721e-05, "decoder_learning_rate": 1.516442372491721e-05, "best_prediction": 75.65889515098397, "best_weight_decay": 0.0}