{"encoder_learning_rate": 1.05905329843981e-06, "decoder_learning_rate": 1.05905329843981e-06, "best_prediction": 50.750227607707146}