{"encoder_learning_rate": 2.4111540266348337e-07, "decoder_learning_rate": 2.4111540266348337e-07, "best_prediction": 51.449253373010805}