{"encoder_learning_rate": 2.036747215316309e-05, "decoder_learning_rate": 2.036747215316309e-05, "best_prediction": 37.14840090089368}