{"encoder_learning_rate": 1.3444350140395467e-05, "decoder_learning_rate": 1.3444350140395467e-05, "best_prediction": 0.0}