{"encoder_learning_rate": 2.4380423724917206e-06, "decoder_learning_rate": 2.4380423724917206e-06, "best_prediction": 56.6956491073879}