{"encoder_learning_rate": 1.9154898067750878e-07, "decoder_learning_rate": 1.9154898067750878e-07, "best_prediction": 52.184117844917985}