{"encoder_learning_rate": 6.085036289801657e-07, "decoder_learning_rate": 6.085036289801657e-07, "best_prediction": 52.10403270163567}