{"encoder_learning_rate": 8.079828447811298e-06, "decoder_learning_rate": 8.079828447811298e-06, "best_prediction": 58.47756148564585, "best_k": 20, "epoch_num": 4}