{"encoder_learning_rate": 9.363007881893028e-06, "decoder_learning_rate": 9.363007881893028e-06, "best_prediction": 54.860261344136866, "best_k": 7, "epoch_num": 9}