{"encoder_learning_rate": 6.224432170651404e-07, "decoder_learning_rate": 6.224432170651404e-07, "best_prediction": 77.9956599971263, "best_k": 6, "epoch_num": 24}