{"encoder_learning_rate": 1.6729096838346332e-06, "decoder_learning_rate": 1.6729096838346332e-06, "best_prediction": 75.65889515098397, "best_k": 0.0}