{"encoder_learning_rate": 9.931352025991365e-06, "decoder_learning_rate": 9.931352025991365e-06, "best_prediction": 66.29538256996143, "best_k": 11, "epoch_num": 26}