{"encoder_learning_rate": 9.768307577765995e-06, "decoder_learning_rate": 9.768307577765995e-06, "best_prediction": 77.36452616758943, "best_k": 0, "epoch_num": 19}