{"encoder_learning_rate": 2.645445282651607e-06, "decoder_learning_rate": 2.645445282651607e-06, "best_prediction": 57.0894928043317, "best_weight_decay": 0.0}