{"encoder_learning_rate": 3.3651354508278724e-05, "decoder_learning_rate": 3.3651354508278724e-05, "best_prediction": 52.14525976357626, "best_k": 1, "epoch_num": 3}