{"encoder_learning_rate": 0.00098, "decoder_learning_rate": 0.00098, "best_prediction": 51.05609204848982}