{"encoder_learning_rate": 3.2242808786205745e-06, "decoder_learning_rate": 3.2242808786205745e-06, "best_prediction": 69.92210994265649}