{"learning_rate": 0.0001832273743362876, "best_prediction": 51.85401313787593}