{"learning_rate": 2.4795529831460717e-05, "best_prediction": 67.56153688103555}