{"encoder_learning_rate": 2.1964853242291993e-06, "decoder_learning_rate": 2.1964853242291993e-06, "best_prediction": 80.82654814372151}