{"learning_rate": 1.4883635243841963e-05, "best_prediction": 72.23363281468892}