{"learning_rate": 4.923025406742863e-07, "best_prediction": 72.07523768608627}