{"encoder_learning_rate": 6.276896951018997e-07, "decoder_learning_rate": 6.276896951018997e-07, "best_prediction": 81.04818372356283}