{"encoder_learning_rate": 1.2445982032747136e-06, "best_prediction": 50.25887573964497}